<?xml version="1.0" encoding="UTF-8"?>
<rss version="2.0" xmlns:ror="http://rorweb.com/0.1/" >
<channel>
  <title>ROR Sitemap for http://tyicw.org/main.html</title>
  <link>http://tyicw.org/main.html</link>

<item>
     <link>http://tyicw.org/main.html</link>
     <title>台灣監督企業青年行動</title>
     <description>台灣監督企業青年行動的官網</description>
     <ror:updatePeriod></ror:updatePeriod>
     <ror:sortOrder>0</ror:sortOrder>
     <ror:resourceOf>sitemap</ror:resourceOf>
</item>
<item>
     <link>http://tyicw.org/%E9%97%9C%E6%96%BC%E6%88%91%E5%80%91.html</link>
     <title>關於我們 | 台灣監督企業青年行動</title>
     <description>關於我們 | 台灣監督企業青年行動</description>
     <ror:updatePeriod></ror:updatePeriod>
     <ror:sortOrder>1</ror:sortOrder>
     <ror:resourceOf>sitemap</ror:resourceOf>
</item>
<item>
     <link>http://tyicw.org/%E6%96%87%E7%AB%A0.html</link>
     <title>文章|台灣監督企業青年行動</title>
     <description>文章|台灣監督企業青年行動</description>
     <ror:updatePeriod></ror:updatePeriod>
     <ror:sortOrder>1</ror:sortOrder>
     <ror:resourceOf>sitemap</ror:resourceOf>
</item>
<item>
     <link>http://tyicw.org/%E8%A1%8C%E5%8B%95.html</link>
     <title>行動|台灣監督企業青年行動</title>
     <description>行動|台灣監督企業青年行動</description>
     <ror:updatePeriod></ror:updatePeriod>
     <ror:sortOrder>1</ror:sortOrder>
     <ror:resourceOf>sitemap</ror:resourceOf>
</item>
<item>
     <link>http://tyicw.org/%E6%96%87%E7%AB%A01.html</link>
     <title>文章|觀點投書：與其一再迴避職責何佩珊部長何不知所進退？</title>
     <description>文章|觀點投書：與其一再迴避職責何佩珊部長何不知所進退？</description>
     <ror:updatePeriod></ror:updatePeriod>
     <ror:sortOrder>1</ror:sortOrder>
     <ror:resourceOf>sitemap</ror:resourceOf>
</item>
<item>
     <link>http://tyicw.org/%E8%A1%8C%E5%8B%955%E6%9D%BF%E4%B8%AD.html</link>
     <title>行動|板中演講</title>
     <description>行動|板中演講</description>
     <ror:updatePeriod></ror:updatePeriod>
     <ror:sortOrder>2</ror:sortOrder>
     <ror:resourceOf>sitemap</ror:resourceOf>
</item>
<item>
     <link>http://tyicw.org/%E8%A1%8C%E5%8B%954%E5%B8%AB%E5%A4%A7.html</link>
     <title>行動|師大演講</title>
     <description>行動|師大演講</description>
     <ror:updatePeriod></ror:updatePeriod>
     <ror:sortOrder>2</ror:sortOrder>
     <ror:resourceOf>sitemap</ror:resourceOf>
</item>
<item>
     <link>http://tyicw.org/%E8%A1%8C%E5%8B%953%E4%B8%AD%E9%8B%BC%E8%BB%8A%E9%9A%8A.html</link>
     <title>行動|中鋼抗議</title>
     <description>行動|中鋼抗議</description>
     <ror:updatePeriod></ror:updatePeriod>
     <ror:sortOrder>2</ror:sortOrder>
     <ror:resourceOf>sitemap</ror:resourceOf>
</item>
<item>
     <link>http://tyicw.org/%E8%A1%8C%E5%8B%952%E5%8F%B0%E5%A4%A7.html</link>
     <title>行動|台大演講</title>
     <description>行動|台大演講</description>
     <ror:updatePeriod></ror:updatePeriod>
     <ror:sortOrder>2</ror:sortOrder>
     <ror:resourceOf>sitemap</ror:resourceOf>
</item>
<item>
     <link>http://tyicw.org/%E8%A1%8C%E5%8B%951%E5%8C%97%E5%A4%A7.html</link>
     <title>行動|北大演講</title>
     <description>行動|北大演講</description>
     <ror:updatePeriod></ror:updatePeriod>
     <ror:sortOrder>2</ror:sortOrder>
     <ror:resourceOf>sitemap</ror:resourceOf>
</item>
</channel>
</rss>
  